{"1":{"id":1,"name":"Tech I","color":{"b":0.043137,"g":0.666667,"r":0.780392}},"2":{"id":2,"name":"Tech II","color":{"b":0.003922,"g":0.380392,"r":0.619608},"iconID":24150},"3":{"id":3,"name":"Storyline","color":{"b":0.117647,"g":0.431373,"r":0.266667},"iconID":24147},"4":{"id":4,"name":"Faction","color":{"b":0.05098,"g":0.278431,"r":0.066667},"iconID":24146},"5":{"id":5,"name":"Officer","color":{"b":0.45098,"g":0.054902,"r":0.203922},"iconID":24149},"6":{"id":6,"name":"Deadspace","color":{"b":0.545098,"g":0.278431,"r":0.160784},"iconID":24148},"14":{"id":14,"name":"Tech III","color":{"b":0.011765,"g":0.227451,"r":0.623529},"iconID":24151},"15":{"id":15,"name":"Abyssal","color":{"b":0.12549,"g":0.12549,"r":0.529412},"iconID":24152},"17":{"id":17,"name":"Premium","color":{"b":0.854902,"g":0.341176,"r":0.619608},"iconID":24153},"19":{"id":19,"name":"Limited Time","color":{"b":0.87451,"g":0.705882,"r":0.180392},"iconID":24154},"52":{"id":52,"name":"Structure Faction","iconID":24155},"53":{"id":53,"name":"Structure Tech II","iconID":24156},"54":{"id":54,"name":"Structure Tech I","iconID":24157}}